/*
SQLyog Ultimate v9.62 
MySQL - 5.7.34 : Database - hit
*********************************************************************
*/

/*!40101 SET NAMES utf8 */;

/*!40101 SET SQL_MODE=''*/;

/*!40014 SET @OLD_UNIQUE_CHECKS=@@UNIQUE_CHECKS, UNIQUE_CHECKS=0 */;
/*!40014 SET @OLD_FOREIGN_KEY_CHECKS=@@FOREIGN_KEY_CHECKS, FOREIGN_KEY_CHECKS=0 */;
/*!40101 SET @OLD_SQL_MODE=@@SQL_MODE, SQL_MODE='NO_AUTO_VALUE_ON_ZERO' */;
/*!40111 SET @OLD_SQL_NOTES=@@SQL_NOTES, SQL_NOTES=0 */;
CREATE DATABASE /*!32312 IF NOT EXISTS*/`hit` /*!40100 DEFAULT CHARACTER SET utf8 */;

USE `hit`;

/*Table structure for table `edu_answer` */

DROP TABLE IF EXISTS `edu_answer`;

CREATE TABLE `edu_answer` (
  `id` int(4) NOT NULL AUTO_INCREMENT,
  `cus_id` int(4) DEFAULT NULL COMMENT '回复者id',
  `question_id` int(4) DEFAULT NULL COMMENT '问题id',
  `is_best` int(1) DEFAULT '0',
  `content` varchar(1000) DEFAULT NULL,
  `praise_count` int(6) DEFAULT NULL,
  `add_time` datetime NOT NULL DEFAULT CURRENT_TIMESTAMP COMMENT '添加时间',
  `edit_time` datetime NOT NULL DEFAULT CURRENT_TIMESTAMP COMMENT '最后编辑时间',
  PRIMARY KEY (`id`)
) ENGINE=InnoDB AUTO_INCREMENT=14 DEFAULT CHARSET=utf8;

/*Data for the table `edu_answer` */

LOCK TABLES `edu_answer` WRITE;

insert  into `edu_answer`(`id`,`cus_id`,`question_id`,`is_best`,`content`,`praise_count`,`add_time`,`edit_time`) values (1,4,1,1,'作者：味道\n链接：https://www.zhihu.com/question/28077855/answer/664136473\n来源：知乎\n著作权归作者所有。商业转载请联系作者获得授权，非商业转载请注明出处。\n\n记得有一集，他好像是给哪个女明星的剧组做饭，做的是肘子。然后他想拿注射器给做熟的肘子注射红酒进去，当看到这个操作的时候，本厨师震惊了，竟然有如此天马行空但没有生活常识的操作，他预想的应该是让红酒滋润到肘子里，解肘子的油腻，想法当然是美好的，然而这个操作根本就没有可行性。注射器插进去，一推液，红酒马上沿着注射器扎的洞流出来了，根本不可能像他想的那样渗透到肘子的肌肉纤维里去，后来也只得草草收场 。由于我看这个节目看的不多，所以只评价一下这个阶段谢霆锋的厨艺:烹饪民科！大概就是对烹饪有兴趣，且有一些烹饪能力，但又没有系统地去学习过，也没有进入成熟的餐饮生产环境中去工作过，所以会搞出一些让内行人一看就哭笑不得的操作，走一些行内早就走过证明过此路不通的弯路。相当于勉强掌握初高中数学知识的人非要去证明哥猜，且觉得自己天赋异禀，其他人都是傻x2019.5.1更新一波有同学在评论里问我普通人不去餐馆工作的情况下，如何系统地学习烹饪。我觉得，普通人不一定要系统地去学习烹饪，普通人完全可以跟谢霆锋一样，做一个“烹饪民科”，因为用自己的钱自己的创意做菜给自己吃，并且不出去装逼，不出去教学，任何人都没有资格说三道四！烹饪界的民科和研究数学的民科是有区别的，研究数学的民科如果没有系统地去学习过，结果大概率就是花了大量时间大量精力且一事无成。研究烹饪的民科做出的操作有可能在专业选手看来不合理，或是有更好的办法，甚至有些想当然，但是并不代表做出的东西不能吃、不好吃。比如说我妈做的菜，她的很多操作以专业眼光来看并不合理，但是她做的菜即使去掉“妈妈做的菜”这个滤镜，也是挺好吃的。只不过如果拿到餐饮市场中去接受检验，肯定是不行的。而且还有很重要的一点，我由于经过了成熟的餐饮体系洗礼，即使在自己家里做菜，做出来的也是外面的味儿，一辈子也做不出“家的味道”了。所以，不去系统的学习烹饪也不算一件坏事。对于想学烹饪的同学，我推荐两个我个人认为不会误人子弟的美食栏目：大师的菜和王刚。王刚展现了一个典型的合格的专业的能接受市场检验的酒店型厨师该有的东西，我很开心他能火，厨师这个行业整体文化水平不高，由',13,'2021-07-30 01:41:16','2021-07-30 03:07:22'),(2,3,2,0,'开放式厨房不好，那是生活品质还未达到12.20\r\n原创 陈工 西安装修课堂 2017-12-20\r\n\r\n收录于话题\r\n#厨房装修细节,开放式厨房。不多说了，对控制不好火候的人来说，都是眼泪好像大部分人对开放式厨房都有偏见，认为不好打理。这个其实是误解开放式厨房了。好比对菜刀有偏见一样。你首先得很明确的认识到，开放式厨房的最大用处其实就是观赏大于实用的。做开放式厨房的人，已经做好一年做不了几顿饭的准备了，所以，你做开放式厨房，得看自己的生活品质是否能达到，否则就是东施效颦而已，怨不得开放式，怨你自己没有认清事物。\n\n作者：西安装修课堂\n链接：https://www.zhihu.com/question/441215028/answer/1704066865\n来源：知乎\n著作权归作者所有。商业转载请联系作者获得授权，非商业转载请注明出处。',23,'2021-07-30 02:56:34','2021-07-30 03:05:40'),(4,1,1,1,'对于小户型而言，如果厨房做成独立式设计的话，那么厨房的面积就是非常挤的空间，走进去做饭的时候，转个身都可能会撞墙，更别说夫妻俩一起做饭什么的了。而开放式厨房的好处，就是可有让小户型拥有宽敞的大空间感。打通了厨房与餐厅，等于让厨房的动线变大一倍，而且餐厅区域也能作为辅助厨房操作台的功能。开放式厨房让小户型也有大大的餐厨空间感。开放式厨房这种设计，到底好不好？这个问题要根据户型与生活习惯来定。比如说房子都是非常小的，为了满足居住舒适性，开放式厨房会是更好的选择；再比如平时做饭炒菜喜欢爆炒，而且又经常在家做饭的话，这样的话就建议别做开放式厨房.',132,'2021-08-04 12:57:32','2021-08-04 12:57:32'),(5,2,3,0,'谢邀，其实开放性厨房看起来是很好看，当时我家装修的时候，考虑过半开放式的，后来放弃了，主要原因也是我觉得最大的一个顾虑，咱们做饭是以煎炒烹炸为主，这些就少不了油烟，油烟机不是万能的，不可能把冒出来的气体全部抽走，时间久了就会把墙壁上搞的油乎乎的。所以我是不太愿意把厨房做出开放式的\n\n作者：单车摇曳\n链接：https://www.zhihu.com/question/441215028/answer/1701366886\n来源：知乎\n著作权归作者所有。商业转载请联系作者获得授权，非商业转载请注明出处。',3,'2021-08-04 12:57:36','2021-08-04 12:57:36'),(6,2,2,0,'谢邀，其实开放性厨房看起来是很好看，当时我家装修的时候，考虑过半开放式的，后来放弃了，主要原因也是我觉得最大的一个顾虑，咱们做饭是以煎炒烹炸为主，这些就少不了油烟，油烟机不是万能的，不可能把冒出来的气体全部抽走，时间久了就会把墙壁上搞的油乎乎的。所以我是不太愿意把厨房做出开放式的\n\n。',12,'2021-08-04 14:05:46','2021-08-04 14:05:46'),(7,1,2,0,'“学生过重作业负担和校外培训负担、家庭教育支出和家长相应精力负担1年内有效减轻、3年内成效显著，人民群众教育满意度明显提升。”近日，中办、国办印发了《关于进一步减轻义务教育阶段学生作业负担和校外培训负担的意见》，并发出通知，要求各地区各部门结合实际认真贯彻落实。\r\n\r\n　　教育是民生之基，社会各方密切关注。今年全国两会期间，习近平总书记指出：“对群众反映强烈的突出问题，对打着教育旗号侵害群众利益的行为，要紧盯不放，坚决改到位、改彻底。”《意见》的印发实施，正是坚持以人民为中心，增强人民福祉、回应百姓教育关切的生动体现。《意见》传递了党中央从实现中华民族伟大复兴的战略高度，坚决防止侵害群众利益行为，构建教育良好生态的坚强决心，是从国之大计、党之大计角度作出的重大安排。',234,'2021-08-04 22:38:47','2021-08-04 22:38:47'),(8,2,1,0,'这是一份以减轻义务教育阶段学生过重作业负担和校外培训负担为目标，以切实提升学校育人水平，持续规范校外培训为重点，以建设高质量教育体系，构建教育良好生态，促进学生全面发展、健康成长为方向的重要文件。《意见》统筹校内和校外两个方面，强化学校教育主阵地作用，深化校外培训机构治理。在校内方面，要求学校教育教学质量和服务水平进一步提升，作业布置更加科学合理，学校课后服务基本满足学生需要，学生学习更好回归校园。在校外方面，全面规范校外培训机构培训行为，使学科类校外培训各种乱象基本消除，校外培训热度逐步降温。兼顾校内校外，体现出对当前义务教育突出问题和深层矛盾的系统思考、综合施策。',4,'2021-08-04 22:52:32','2021-08-04 22:52:32'),(9,3,2,0,'针对综合治理的实施路径，《意见》科学统筹专项治理与长效机制建设两项工作。以专项治理体现鲜明态度。《意见》对违背教育规律，冲击学校教育，破坏教育生态，有违教育公平的问题，重拳出击，大力规范。以改革创新展现长远眼光。《意见》对深化教育评价改革，变革教育教学方式，提高师资队伍水平，不断提高学校教育质量、强化学校教育主阵地等作出明确要求，从根本上夯实“双减”工作持续、有效落实的制度基础，为工作科学深入开展保驾护航。',2,'2021-08-04 22:54:18','2021-08-04 22:54:18'),(10,4,3,0,'这也是党中央针对义务教育阶段存在的短视化、功利化问题，特别是校外培训机构无序发展，“校内减负、校外增负”现象突出所作的重要决策部署。《意见》统筹服务国家战略和促进学生全面发展，一方面，要求从服务国家战略需求和社会主义现代化建设的高度，扭转“唯分数”“唯升学”的不科学的教育评价导向，培养创新精神、创新能力和综合素质，为党育人、为国育才；另一方面，要求从促进学生全面发展的角度，将学生从过重的作业负担和校外培训负担中解放出来，将本该属于学生自由探索、身心健康发展的时间还给学生，发挥兴趣和特长，引导学生全面而有个性发展，真正体会到学习的愉快、童年的幸福，成长为德智体美劳全面发展的社会主义建设者和接班人。',24341,'2021-08-04 22:54:18','2021-08-04 22:54:18'),(11,1,4,0,'“双减”工作是一项系统工程，涉及众多利益群体。家长和社会均是做好“双减”工作的重要责任主体，密切家校联系、营造良好的社会育人氛围，统筹学校、社会、家庭力量，真正形成相互理解、支持的三位一体育人格局，才能确保治理效果的最大化。精心组织实施，务求取得实效，学生过重作业负担和校外培训负担、家庭教育支出和家长相应精力负担一定能显著减轻，教育质量将进一步提高。\r\n\r\n\r\n　　《 人民日报 》（ 2021年07月30日 12 版）',4,'2021-08-04 22:54:18','2021-08-04 22:54:18'),(12,2,1,0,'2222',0,'2021-08-05 15:03:34','2021-08-05 15:03:34'),(13,2,3,0,'fasdfasf',0,'2021-08-05 19:46:50','2021-08-05 19:46:50');

UNLOCK TABLES;

/*Table structure for table `edu_article` */

DROP TABLE IF EXISTS `edu_article`;

CREATE TABLE `edu_article` (
  `id` int(20) NOT NULL AUTO_INCREMENT,
  `title` varchar(255) NOT NULL,
  `summary` text NOT NULL,
  `keyword` text NOT NULL,
  `image_url` varchar(255) DEFAULT NULL,
  `source` text,
  `author` varchar(255) NOT NULL DEFAULT '钱泽凯',
  `create_time` datetime DEFAULT CURRENT_TIMESTAMP,
  `publish_time` datetime DEFAULT CURRENT_TIMESTAMP,
  `link` text NOT NULL,
  `type` varchar(255) NOT NULL,
  `click_num` int(11) DEFAULT NULL,
  `praise_num` int(11) DEFAULT NULL,
  `comment_num` int(11) DEFAULT NULL,
  `sort` int(11) DEFAULT NULL,
  PRIMARY KEY (`id`)
) ENGINE=InnoDB AUTO_INCREMENT=1906 DEFAULT CHARSET=utf8;

/*Data for the table `edu_article` */

LOCK TABLES `edu_article` WRITE;

insert  into `edu_article`(`id`,`title`,`summary`,`keyword`,`image_url`,`source`,`author`,`create_time`,`publish_time`,`link`,`type`,`click_num`,`praise_num`,`comment_num`,`sort`) values (1000,'what love is','love','love, you','https://tse3-mm.cn.bing.net/th/id/OIP-C.jziMmmocNr4rQknySnPumAHaFj?pid=ImgDet&rs=1','baidu','钱泽凯','2021-07-14 19:28:03','2021-08-05 12:05:01','https://www.merriam-webster.com/dictionary/love','prose',1905,233,22,1),(1002,'definition of love','Definition of love (Entry 2 of 2) transitive verb. 1 : to hold dear : cherish. 2 a : to feel a lover\'s passion, devotion, or tenderness for. b (1) : caress. (2) : to fondle amorously. (3) : to copulate with. 3 : to like or desire actively : take pleasure in loved to play the violin. 4 : to thrive in the rose loves sunlight.','love, you2','https://www.verywellmind.com/thmb/2p0uxBKSU822IhTxPVlrYzrvOdw=/768x0/filters:no_upscale():max_bytes(150000):strip_icc():format(webp)/GettyImages-1000701558-8d7ab0a56e714e399af521b4f9a9cd99.jpg','google','钱泽凯','2021-07-16 19:30:54','2021-07-27 19:28:10','https://www.verywellhealth.com/sidestream-smoke-2248934','paper',1208,132,12,3),(1021,'Sql','SQL语句的增删改查（详细）',' 增删改查','https://tse1-mm.cn.bing.net/th/id/OIP-C.fRUgfJHQ0gvAo69i7nqaVgHaGO?pid=ImgDet&rs=1','百度','钱泽凯','2021-07-08 19:30:54','2021-07-30 19:28:10','\r\nhttps://blog.csdn.net/a88055517/article/details/6736284\r\n','science',930,49,23,2),(1043,'java学习心得','这学期学完了软件构造，大量的用到了版本控制系统git，这在我们实验中帮了大忙，让我们随时退回和查看历史版本，并对比修改记录，这让我们长时期的项目工程变得方便了许多，下面总结下git的用法。 作者：我不是k_ https://www.bilibili.com/read/cv12082631 出处：bilibili','git;java;','https://img1.baidu.com/it/u=1308806829,1155590890&fm=26&fmt=auto&gp=0.jpg','	keepfapping.com','钱泽凯','2021-07-06 20:35:47','2021-07-27 20:35:55','https://www.bilibili.com/read/cv12082631','photo',892,32,89,2),(1056,'navicat怎么建表-navicat-PHP中文网','第一步，打开Navicat，点击“新建数据库”并命名。 第二步，选择“表”，右键点击“新建表”，设置主键不为空，并且自动增加。 第三步，点击“添加栏位”给表增加一个新列，设计好表数据后，再点击“保存”即可创建表。','新建表','https://tse4-mm.cn.bing.net/th/id/OIP-C.hG0gFQ-iOvts_PhCFDvS8wHaEK?pid=ImgDet&rs=1','PHP','钱泽凯','2021-07-14 20:41:32','2021-07-27 20:41:37','\r\nwww.php.cn/tool/navicat/428784.html','search ',889,69,23,5),(1067,'用navicat如何创建表-navicat-PHP中文网','用navicat如何创建表. 第一步：打开Navicat for MySql之后，在左侧用鼠标右键，选择新建数据库。. 第二步：进入创建数据库的页面，数据库名命名为myxiaoze;字符集填写utf8 -- UTF-8 Unicode；排序规则填写utf8_general_ci，填好之后点击确定：. 第三步：在左侧右键刷新，就可以看到刚刚创建好的数据库，如下图所示：. 第四步：双击打开刚刚创建好的数据库，点击表，在右边空白','navicat','https://img.php.cn/upload/image/993/773/393/1565420224311824.png','PHP','钱泽凯','2021-07-06 20:43:57','2021-08-06 20:43:50','https://www.php.cn/tool/navicat/428784.html\r\n','search',783,23,41,6),(1112,'NCRE - 中国教育考试网','NCRE - 中国教育考试网. 2021年9月全国计算机等级考试报名工作已启动 2021年9月（第62次）全国计算机等级考试定于9月25日至27日举行。. 在新冠肺炎疫情常态化防控时期，考生须严格遵守各级疫情防控规定，做好个人... 2021年5月全国计算机等级考试平稳结束.','考试介绍 · 大纲教材 · 考生须知 · 考试动态 · 相关下载 · 试题选登','https://5b0988e595225.cdn.sohucs.com/images/20171105/7a16d009cae54dc8af41c17829c2e9e8.jpeg','NCRE','钱泽凯','2021-07-05 20:49:12','2021-08-30 20:49:17','ncre.neea.edu.cn\r\n','exam',666,131,25,7),(1803,'计算机二级考试_百度百科','从2013年开始，全国计算机等级考试已从传统的笔试和上机考试改革成无纸化考试，二级Delphi科目从2013年上半年开始停考。从 2018 年3月开始，将实施 2018 版考试大纲','受大学生追捧的“计算机二级证书”，含金量如何？HR说出大 ','https://gss0.baidu.com/-vo3dSag_xI4khGko9WTAnF6hhy/zhidao/pic/item/2934349b033b5bb534ee47df31d3d539b600bcd2.jpg','- 知乎','钱泽凯','2021-05-14 20:51:26','2021-07-21 20:51:38','https://www.zhihu.com/question/68221652\r\n','article',604,123,54,8),(1902,'受大学生追捧的“计算机二级证书”，含金量如何？HR说出大 ','计算机二级和英语四六级一样，是一个计算机等级考试，拥有二级及以上证书就证明这个人是有一定计算机基础的。 除此之外，一些岗位也对计算机二级有着明确的要求，例如部分公务员、银行职员和教师等都要求必须具备计算机二级证书','什么是计算机二级考试','https://tse1-mm.cn.bing.net/th/id/OIP-C.3oJwaiPsByguxgUAaXLkzQHaFx?pid=ImgDet&w=554&h=432&rs=1','知乎','钱泽凯','2021-05-14 20:51:26','2021-08-29 20:54:52','https://new.qq.com/omn/20210424/20210424A02O0A00.html\r\n','question',580,144,12,9),(1903,'I love you','love','literature','https://tse3-mm.cn.bing.net/th/id/OIP-C.jziMmmocNr4rQknySnPumAHaFj?pid=ImgDet&rs=1','baidu','钱泽凯','2021-07-30 01:30:34','2021-07-30 01:30:34','https://new.qq.com/omn/20210424/20210424A02O0A00.html\r\n','prose',2,3,0,5),(1904,'2','2','2','https://guli-file-190513.oss-cn-beijing.aliyuncs.com/avatar/default.jpg','本站','钱泽凯','2021-08-05 12:07:09','2021-08-05 12:07:09','https://','2',0,0,0,0),(1905,'111','11','11','https://guli-file-190513.oss-cn-beijing.aliyuncs.com/avatar/default.jpg','本站','钱泽凯','2021-08-05 15:07:02','2021-08-05 15:07:02','https://11','11',0,0,0,2);

UNLOCK TABLES;

/*Table structure for table `edu_collection` */

DROP TABLE IF EXISTS `edu_collection`;

CREATE TABLE `edu_collection` (
  `id` int(11) NOT NULL AUTO_INCREMENT,
  `sid` varchar(32) NOT NULL,
  `cid` varchar(32) NOT NULL,
  PRIMARY KEY (`id`)
) ENGINE=InnoDB AUTO_INCREMENT=61 DEFAULT CHARSET=utf8;

/*Data for the table `edu_collection` */

LOCK TABLES `edu_collection` WRITE;

insert  into `edu_collection`(`id`,`sid`,`cid`) values (1,'1','1'),(3,'3','3'),(4,'4','2'),(5,'5','2'),(6,'6','1'),(7,'2','3'),(8,'7','9'),(9,'3','7'),(10,'4','8'),(59,'2','1');

UNLOCK TABLES;

/*Table structure for table `edu_course` */

DROP TABLE IF EXISTS `edu_course`;

CREATE TABLE `edu_course` (
  `id` int(4) NOT NULL AUTO_INCREMENT,
  `name` varchar(20) DEFAULT NULL,
  `is_avaliable` tinyint(1) DEFAULT NULL,
  `link` varchar(255) DEFAULT NULL,
  `gmt_create` datetime DEFAULT CURRENT_TIMESTAMP,
  `title` varchar(500) DEFAULT NULL,
  `logo` varchar(255) DEFAULT 'https://img1.baidu.com/it/u=3687687744,3349763324&fm=26&fmt=auto&gp=0.jpg',
  `gmt_modified` datetime DEFAULT CURRENT_TIMESTAMP,
  `end_time` datetime DEFAULT CURRENT_TIMESTAMP,
  `zan` int(8) DEFAULT NULL,
  `through` int(8) DEFAULT NULL,
  `contain` int(1) DEFAULT NULL,
  PRIMARY KEY (`id`)
) ENGINE=InnoDB AUTO_INCREMENT=25 DEFAULT CHARSET=utf8;

/*Data for the table `edu_course` */

LOCK TABLES `edu_course` WRITE;

insert  into `edu_course`(`id`,`name`,`is_avaliable`,`link`,`gmt_create`,`title`,`logo`,`gmt_modified`,`end_time`,`zan`,`through`,`contain`) values (1,'软件构造',0,'https://www.icourse163.org/course/QDU-1206501801','2021-07-26 19:30:50','软件构造这门课从多个方面讲解软件构造相关的知识体系结构，包括：软件构造的概念，范围；软件构造的前期准备工作，构造的方法，关键的构造决策，构造的管理，如何构造高质量的类和子程序，如何进行防御式的编程，代码的布局和风格等。','http://edu-image.nosdn.127.net/805A6CE07834FC5AE652B3A3919AC6D7.jpg?imageView&thumbnail=510y288&quality=100','2021-07-26 19:30:52','2021-08-04 18:05:19',1008,2037,2),(2,'C语言',0,'https://www.icourse163.org/course/ZJU-9001?from=searchPage','2021-07-26 19:30:50','C语言是一种通用的高级程序设计语言，同时又具有其它高级语言所不具备的低级语言功能，不但可用于编写应用程序，还可用于编写系统程序，因而得到最广泛的应用。 同时，掌握了 C 语言，就可以较为轻松地学习其他任何一种程序设计语言， 为后续的面向对象程序设计， Windows程序设计，Java程序设计等程序设计语言的学习打下了扎实的基础。','http://edu-image.nosdn.127.net/A065FC17D39ACEB56C1A94FAF6A3F543.png?imageView&thumbnail=426y240&quality=100','2021-07-26 19:30:52','2021-08-04 18:05:19',4000,7010,1),(3,'Python',0,'https://www.icourse163.org/course/BIT-268001?from=searchPage','2021-07-26 19:30:50','Python初级课程 本阶段课程主要介绍 Python 语言的初级知识和基本的语法概念等。 本课程让新手先从总体上快速认识 Python，第一节课会用十分钟学习 Python 精华，然后从第二到第六节课会从头开始认识 Python。 本课程会讲解 Python 的基础语法，包括变量、字符串、标识符、行与缩进等知识，并结合实际案例进行讲解，加深大家的理解。 ','http://edu-image.nosdn.127.net/5B8826377EE623C7B6328E8F8B8D2871.png?imageView&thumbnail=510y288&quality=100','2021-07-26 19:30:52','2021-08-04 18:05:19',5005,8006,1),(4,'c++',0,'https://www.icourse163.org/course/UESTC-1001774006?from=searchPage','2021-07-26 19:30:50','面向对象程序设计（C++）课程是计算机科学与技术、物联网工程等相关专业本科生的学位课，是高级语言程序设计技术方面的技术基础课，具有很强的实践性。','http://edu-image.nosdn.127.net/332C88113BF13ACF8C1F3BA6C02B59B9.jpg?imageView&thumbnail=426y240&quality=100','2021-07-26 19:30:52','2021-08-04 18:05:19',6000,9002,1),(5,'微积分',0,'https://www.icourse163.org/search.htm?search=%E5%BE%AE%E7%A7%AF%E5%88%86#/','2021-07-26 19:30:50','高校与高等教育. 《微积分》课程介绍','http://edu-image.nosdn.127.net/C0F2528C598A55EF8A48B27208A79C5A.jpg?imageView&thumbnail=510y288&quality=100','2021-07-26 19:30:52','2021-08-04 18:05:19',7000,10000,3),(6,'计算机系统',0,'https://www.icourse163.org/course/SEU-1003566002?from=searchPage','2021-07-27 10:53:43','. 经济应用数学基础（一）《微积分》是财经、管理等专业的必修 基础理论课。. 通过本课程的学习，使学生获得函数、极限、连续、一 元函数微积分、多元函数微积分等方面的基本概念、基本理论和基本 运算技能，并且通过各个教学环节，逐步培养学生具有初步抽象概括 问题的能力，一定的逻辑推理能力、比较熟练的运算能力、分','http://edu-image.nosdn.127.net/2E6EACD4BA7011B378741B65BBF8897C.png?imageView&thumbnail=510y288&quality=100','2021-07-27 10:53:43','2021-08-04 18:05:19',2000,4000,2),(7,'java',0,'https://www.icourse163.org/course/NJU-1002246017?from=searchPage','2021-07-27 11:05:27','. 《微积分》课程介绍 经济应用数学基础（一）《微积分》是财经、管理等专业的必修 基础理论课。. 通过本课程的学习，使学生获得函数、极限、连续、一 元函数微积分、多元函数微积分等方面的基本概念、基本理论和基本 运算技能，并且通过各个教学环节，逐步培养学生具有初步抽象概括 问题的能力，一定的逻辑推理能力、比较熟练的运算能力。','http://edu-image.nosdn.127.net/59FA97F2B603AE77A5358E8754133D84.png?imageView&thumbnail=510y288&quality=100','2021-07-27 11:05:27','2021-08-04 18:05:19',3000,6003,1),(8,'线性代数',0,'https://www.icourse163.org/course/SDU-55001?from=searchPage','2021-07-05 21:01:02','课程简介：. 计算机网络是计算机专业学生必修的一门专业基础课和核心课程，它是后续课程《计算机系统安全》、《网络管理技术》、《TCP/IP与网络互联》等理论课程，以及《网络课程设计》等实践教学环节的先行课。','http://edu-image.nosdn.127.net/4637712539E42B6E121D9FF08D0C5A12.jpg?imageView&thumbnail=510y288&quality=100','2021-07-13 21:01:53','2021-08-04 18:05:19',9132,9132,3),(9,'vue构造',0,'https://www.icourse163.org/course/CDPC-1206497812?from=searchPage','2021-07-05 21:01:02','Java课程是 java软件工程师 学习和应用java的必要课程，java课程主要学习：Java编程语言， Java 类文件格式， Java虚拟机 和Java 应用程序接口 (Java API)，java游戏项目开发等课程。 Java是一种可以撰写跨平台应用软件的面向对象的程序设计语言，是由Sun Microsystems公司于1995年5月推出的Java程序设计语言和 Java平台 （即JavaSE, JavaEE, JavaME）的总称。 Java 技术具有卓越的通用性、高效性、平台移植性和安全性，广泛应用于个人 PC 、 数据中心 、游戏控制台、科学 超级计算机 、 移动 电话和 互联网 ，同时拥有全球最大的开发者专业社群。','http://edu-image.nosdn.127.net/B10FD062744E2C4C6C6BC740F519E728.jpg?imageView&thumbnail=510y288&quality=100','2021-07-13 21:01:53','2021-08-04 18:05:19',9132,9138,1),(10,'以下为测试用',0,'3',NULL,'Vue.js是一个用来开发web界面的前端框架，小巧的外表、优雅的代码结构和全新的MVVM理念，很快受到了众多前端工程师追捧的新宠。本课程将带你掌握vue的语法结构、单向数据流、数据的双向绑定，数据交互、动画、路由等内容。专家讲师介绍: 本课程由原百度视频高级前端工程师讲授，授课风格言简意赅、通俗易懂，深入浅出，知识含金量大，深受大家喜爱。','',NULL,'2021-08-04 18:05:19',0,0,2),(11,'5',0,'55',NULL,'55','',NULL,'2021-08-04 18:05:19',0,0,2),(12,'6',0,'1','2021-06-30 21:04:03','1','','2021-07-03 21:04:42','2021-08-04 18:05:19',0,0,1),(13,'6',0,'33','2021-06-30 21:04:03','1','','2021-07-03 21:04:42','2021-08-04 18:05:19',0,0,1),(14,'3',0,'1231','2021-06-30 21:04:03','1','','2021-07-03 21:04:42','2021-08-04 18:05:19',0,0,1),(15,'6',0,'12344','2021-06-30 21:04:03','1','','2021-07-03 21:04:42','2021-08-04 18:05:19',0,0,1),(16,'6',0,'12314','2021-06-30 21:04:03','1','','2021-07-03 21:04:42','2021-08-04 18:05:19',0,0,1),(17,'6',0,'1123','2021-06-30 21:04:03','1','','2021-07-03 21:04:42','2021-08-04 18:05:19',0,0,1),(18,'6',0,'11823IC','2021-06-30 21:04:03','1','','2021-07-03 21:04:42','2021-08-04 18:05:19',0,0,1),(19,'6',0,'1','2021-06-30 21:04:03','1','','2021-07-03 21:04:42','2021-08-04 18:05:19',0,0,1),(20,'6',0,'1','2021-06-30 21:04:03','1','','2021-07-03 21:04:42','2021-08-04 18:05:19',0,0,1);

UNLOCK TABLES;

/*Table structure for table `edu_lesson` */

DROP TABLE IF EXISTS `edu_lesson`;

CREATE TABLE `edu_lesson` (
  `id` int(4) NOT NULL AUTO_INCREMENT,
  `cid` int(32) NOT NULL,
  `tid` int(32) NOT NULL,
  PRIMARY KEY (`id`)
) ENGINE=InnoDB AUTO_INCREMENT=7 DEFAULT CHARSET=utf8;

/*Data for the table `edu_lesson` */

LOCK TABLES `edu_lesson` WRITE;

insert  into `edu_lesson`(`id`,`cid`,`tid`) values (1,1,1),(2,1,2),(3,3,8),(4,1,7),(5,2,7),(6,5,3);

UNLOCK TABLES;

/*Table structure for table `edu_personal` */

DROP TABLE IF EXISTS `edu_personal`;

CREATE TABLE `edu_personal` (
  `id` int(11) NOT NULL AUTO_INCREMENT,
  `sid` varchar(32) NOT NULL,
  `cid` varchar(32) NOT NULL,
  PRIMARY KEY (`id`)
) ENGINE=InnoDB AUTO_INCREMENT=21 DEFAULT CHARSET=utf8;

/*Data for the table `edu_personal` */

LOCK TABLES `edu_personal` WRITE;

insert  into `edu_personal`(`id`,`sid`,`cid`) values (1,'1','1'),(2,'2','3'),(3,'3','1'),(4,'4','2'),(5,'1','3'),(20,'2','3');

UNLOCK TABLES;

/*Table structure for table `edu_questions` */

DROP TABLE IF EXISTS `edu_questions`;

CREATE TABLE `edu_questions` (
  `id` int(4) NOT NULL AUTO_INCREMENT,
  `cus_id` int(4) NOT NULL DEFAULT '-1',
  `title` varchar(1000) DEFAULT NULL,
  `content` varchar(1000) DEFAULT NULL,
  `type` int(2) DEFAULT '0' COMMENT '问答的分区',
  `add_time` datetime NOT NULL DEFAULT CURRENT_TIMESTAMP COMMENT '创建时间',
  `status` int(2) NOT NULL DEFAULT '0' COMMENT '是否回答',
  `reply_count` int(10) NOT NULL DEFAULT '0' COMMENT '评论数',
  `praise_count` int(10) NOT NULL DEFAULT '0' COMMENT '点赞数',
  `browse_count` int(10) NOT NULL DEFAULT '0' COMMENT '浏览数',
  PRIMARY KEY (`id`)
) ENGINE=InnoDB AUTO_INCREMENT=21 DEFAULT CHARSET=utf8;

/*Data for the table `edu_questions` */

LOCK TABLES `edu_questions` WRITE;

insert  into `edu_questions`(`id`,`cus_id`,`title`,`content`,`type`,`add_time`,`status`,`reply_count`,`praise_count`,`browse_count`) values (1,2,'你觉得谢霆锋的厨艺在哪一个级别？\r\n','“米其林”级。\r\n\r\n谢霆锋参加了一档量身定做的真人美食节目，让人看到了改变形象的努力。谢霆锋的这个选择，至少从提前披露的片花来看，要比他上一次去选秀节目当评委进步何止一点。\r\n\r\n他有很多闪闪发亮的明星朋友，而不必与他们在电视节目里假装针锋相对，闹出马桶大便的笑话；他拿出了作为一个成年男明星一招击杀的绝技——做菜，而且看上去似乎规格还很高，在漂亮的灯光和精美的镜头下，这些菜盘闪亮得像出自米其林三星餐厅大厨之手',0,'2021-08-03 21:34:08',1,1330,13369,50),(2,0,'2021年东京奥运会是史上最冷清的吗？','2021年东京奥运会从目前来说是最冷清的。\r\n2021年7月23日晚，因为疫情延迟一年举办的2020东京奥运会终于开幕。遗憾的是，东京奥运会并未能够成为“隧道尽头的光明”，更无法成为全球战胜疫情的一场胜利聚会。尽管东京奥运会在全球疫情不时反弹、日本民众抗议示威的大背景下强行开幕，但纵观三个半小时的开幕式内容，不仅无法感受到过往百年奥运的那种欢欣鼓舞的氛围，反而显得十分冷清乃至压抑沉闷，进而在社交媒体上沦为了一场吐槽大会。',1,'2021-07-30 00:17:53',0,2345,12464,23),(3,2,'早餐小吃培训去哪里学比较好？','因为特殊情况，从开幕式到比赛场地几乎都是空场进行的，所以说2021年东京奥运会的确是至今为止最冷清的奥运会，没有之一。',2,'2021-07-28 00:17:55',1,2768,23805,8),(4,3,'2021年东京奥运会是史上最冷清的吗？','2021年东京奥运会是史上最冷清的吗？\r\n从现场观众角度看确实是如此，因为这是第一次没有观众。\r\n但从参赛国家和选手看，最冷清的是1980莫斯科奥运会。所有欧美国家都没去参加。',0,'2021-07-30 00:17:57',1,3982,21480,0),(5,6,'2021年东京奥运会是史上最冷清的吗？','2021年东京奥运会是史上最冷清的，因疫情防控，开幕式现场仅允许950人参加。近8万人的东京国立竞技场大部分看台几乎处在全空状态，十分冷清。',1,'2021-07-30 00:17:58',1,1233,13711,1),(6,4,'2021年东京奥运会是史上最冷清的吗？','外界也纷纷预测这场奥运会或许将会是历史上最为失败的一次奥运会\r\n不过也有人指出如果要比\r\n东京奥运会根本无法与多年前的那场奥运会相比，奥运会由于没有观众参加，所以肯定是最冷清的。',2,'2021-07-30 00:18:00',1,1029,29134,2),(9,0,'·为民族复兴创造良好人口环境','人口发展是关系中华民族发展的大事情。我国是世界上人口最多的国家，人口问题始终是一个全局性、战略性问题。党的十八大以来，以习近平同志为核心的党中央高度重视人口问题，根据我国人口发展变化形势，作出逐步调整完善生育政策、促进人口长期均衡发展的重大决策，单独两孩、全面两孩政策先后实施。',2,'2021-07-29 23:48:24',0,0,0,0),(10,0,'·为守护人类健康提供中国方案','前不久，世界卫生组织宣布中国通过消除疟疾认证。这是继天花、脊髓灰质炎、丝虫病、新生儿破伤风之后，我国消除的又一个重大传染病。消除疟疾是中国卫生事业的一大壮举，也是中国为人类健康和世界人权进步作出的重大贡献。相关消息在世界范围内引发关注，也让中国智慧、中国方案、中国担当赢得称赞。',1,'2021-07-29 23:48:40',0,0,0,0),(12,2,'家庭作业，既要减负也要提质（人民时评）','记者近日在基层调研时发现，微信工作群数量压缩之后，质量还有待提高。群成员较多、群信息庞杂、建群容易解散难……此类问题提醒我们，只有量质并举提升微信工作群办事效率，才能更好破除“指尖上的形式主义”。',0,'2021-07-30 03:07:39',0,0,0,0),(13,2,'激发短视频的正向社会价值','当前，信息技术革命日新月异，数字化办公普及到基层各项工作中。在这种形势下，改作风也需要聚焦“指尖”“竖屏”“群组”，加强对“指尖上的形式主义”的整治。自2019年开展解决形式主义突出问题、为基层减负工作以来，很多地方把工作群纳入整治范畴。该解散的解散，该合并的合并，不发与工作无关的信息，不再过度要求留痕，坚决抵制把工作群异化为炫耀成绩的“夸夸群”，工作群整治取得积极成效，减轻了基层干部的负担。解决形式主义问题必须持之以恒、久久为功。要持续强化为基层减负的成效，就必须进一步规范群组管理、发布内容，改出作风新成效，不断提升工作群的办事效率。',0,'2021-08-03 21:20:06',0,0,0,0),(14,0,'·把药品集中带量采购这件实事办好','形式主义的表象在于花拳绣腿、徒有其表，危害在于脱离实际、远离实践。解决形式主义问题，关键在于让形式路径、方式方法为解决群众实际问题服务、为增进工作实效服务。整治“指尖上的形式主义”，不仅要重视工作群数量的控制，更要抓质量的提升，设立严格的工作群内容规范。无论是部署工作还是掌握进度，无论是布置任务还是督导落实，都应该察实情、出实招、办实事、解难题，给群众带来切实利益。从实处着眼、用实干考量、用实绩说话，才能推动工作群更加有序高效，最大程度发挥数字化办公优势。',1,'2021-08-04 17:03:35',0,0,0,1),(15,2,'·严把出口，提升人才培养含金量（人民时评）','往深层次说，工作群只是一个平台和工具，有的群看似热闹，实则效率低下，本质上是形式主义问题在网络上的一种反映和延伸。制定下发的通知有没有随意性？要求填写的表格会不会重复了？工作任务安排有没有脱离实际？是不是把在工作群提交材料等同于下基层调研？整治“指尖上的形式主义”不能停留在“指尖”，还得从根源入手，从线下改进工作作风入手。各个层级、各个部门在实际工作中都更务实、更注重效率效果，工作群的质量才能得到提升。',0,'2021-08-04 17:05:56',0,0,0,1),(16,0,'以环保督察推动高质量发展（人民时评）','34',0,'2021-08-04 17:08:49',0,0,0,5),(17,0,'如何写vue','如何写vue',2,'2021-08-05 12:36:29',1,0,0,1),(18,0,'22323','如何写vue',0,'2021-08-05 12:47:25',1,0,0,0),(19,2,'1111','如何写vue',2,'2021-08-05 12:47:46',1,0,0,0),(20,0,'111','如何写vue',0,'2021-08-05 14:58:17',1,0,0,0);

UNLOCK TABLES;

/*Table structure for table `edu_subject` */

DROP TABLE IF EXISTS `edu_subject`;

CREATE TABLE `edu_subject` (
  `id` char(19) NOT NULL COMMENT '课程类别ID',
  `title` varchar(10) NOT NULL COMMENT '类别名称',
  `parent_id` char(19) NOT NULL DEFAULT '0' COMMENT '父ID',
  `sort` int(10) unsigned NOT NULL DEFAULT '0' COMMENT '排序字段',
  `gmt_create` datetime NOT NULL DEFAULT CURRENT_TIMESTAMP COMMENT '创建时间',
  `gmt_modified` datetime NOT NULL DEFAULT CURRENT_TIMESTAMP COMMENT '更新时间',
  PRIMARY KEY (`id`),
  KEY `idx_parent_id` (`parent_id`)
) ENGINE=InnoDB DEFAULT CHARSET=utf8mb4 ROW_FORMAT=COMPACT COMMENT='课程科目';

/*Data for the table `edu_subject` */

LOCK TABLES `edu_subject` WRITE;

insert  into `edu_subject`(`id`,`title`,`parent_id`,`sort`,`gmt_create`,`gmt_modified`) values ('1178214681118568449','后端开发','0',1,'2019-09-29 15:47:25','2019-09-29 15:47:25'),('1178214681139539969','Java','1178214681118568449',1,'2019-09-29 15:47:25','2019-09-29 15:47:25'),('1178214681181483010','前端开发','0',3,'2019-09-29 15:47:25','2019-09-29 15:47:25'),('1178214681210843137','JavaScript','1178214681181483010',4,'2019-09-29 15:47:25','2019-09-29 15:47:25'),('1178214681231814658','云计算','0',5,'2019-09-29 15:47:25','2019-09-29 15:47:25'),('1178214681252786178','Docker','1178214681231814658',5,'2019-09-29 15:47:25','2019-09-29 15:47:25'),('1178214681294729217','Linux','1178214681231814658',6,'2019-09-29 15:47:25','2019-09-29 15:47:25'),('1178214681324089345','系统/运维','0',7,'2019-09-29 15:47:25','2019-09-29 15:47:25'),('1178214681353449473','Linux','1178214681324089345',7,'2019-09-29 15:47:25','2019-09-29 15:47:25'),('1178214681382809602','Windows','1178214681324089345',8,'2019-09-29 15:47:25','2019-09-29 15:47:25'),('1178214681399586817','数据库','0',9,'2019-09-29 15:47:25','2019-09-29 15:47:25'),('1178214681428946945','MySQL','1178214681399586817',9,'2019-09-29 15:47:25','2019-09-29 15:47:25'),('1178214681454112770','MongoDB','1178214681399586817',10,'2019-09-29 15:47:25','2019-09-29 15:47:25'),('1178214681483472898','大数据','0',11,'2019-09-29 15:47:25','2019-09-29 15:47:25'),('1178214681504444418','Hadoop','1178214681483472898',11,'2019-09-29 15:47:25','2019-09-29 15:47:25'),('1178214681529610242','Spark','1178214681483472898',12,'2019-09-29 15:47:25','2019-09-29 15:47:25'),('1178214681554776066','人工智能','0',13,'2019-09-29 15:47:25','2019-09-29 15:47:25'),('1178214681584136193','Python','1178214681554776066',13,'2019-09-29 15:47:25','2019-09-29 15:47:25'),('1178214681613496321','编程语言','0',14,'2019-09-29 15:47:25','2019-09-29 15:47:25'),('1178214681626079234','Java','1178214681613496321',14,'2019-09-29 15:47:25','2019-09-29 15:47:25'),('1178585108407984130','Python','1178214681118568449',2,'2019-09-30 16:19:22','2019-09-30 16:19:22'),('1178585108454121473','HTML/CSS','1178214681181483010',3,'2019-09-30 16:19:22','2019-09-30 16:19:22');

UNLOCK TABLES;

/*Table structure for table `edu_teacher` */

DROP TABLE IF EXISTS `edu_teacher`;

CREATE TABLE `edu_teacher` (
  `id` int(4) NOT NULL AUTO_INCREMENT COMMENT '讲师ID',
  `name` varchar(20) CHARACTER SET utf8mb4 DEFAULT NULL COMMENT '讲师姓名',
  `intro` varchar(500) CHARACTER SET utf8mb4 NOT NULL DEFAULT '' COMMENT '讲师简介',
  `career` varchar(500) CHARACTER SET utf8mb4 NOT NULL COMMENT '讲师资历,一句话说明讲师',
  `level` int(10) unsigned DEFAULT NULL COMMENT '头衔 1高级讲师 2首席讲师',
  `avatar` varchar(255) CHARACTER SET utf8mb4 DEFAULT NULL COMMENT '讲师头像',
  `sort` int(10) unsigned DEFAULT '0' COMMENT '排序',
  `is_deleted` tinyint(1) unsigned DEFAULT '0' COMMENT '逻辑删除 1（true）已删除， 0（false）未删除',
  `gmt_create` datetime DEFAULT CURRENT_TIMESTAMP COMMENT '创建时间',
  `gmt_modified` datetime DEFAULT CURRENT_TIMESTAMP COMMENT '更新时间',
  PRIMARY KEY (`id`),
  UNIQUE KEY `uk_name` (`name`)
) ENGINE=InnoDB AUTO_INCREMENT=38 DEFAULT CHARSET=utf8 COMMENT='讲师';

/*Data for the table `edu_teacher` */

LOCK TABLES `edu_teacher` WRITE;

insert  into `edu_teacher`(`id`,`name`,`intro`,`career`,`level`,`avatar`,`sort`,`is_deleted`,`gmt_create`,`gmt_modified`) values (1,'刘丽美','民     族：汉族\r\n所属院系：继续教育学院','副教授',1,'https://tse1-mm.cn.bing.net/th/id/R-C.7d044497a8af950fc179b6cee292f9b4?rik=6FSnfWqmOvgppw&riu=http%3a%2f%2fimg95.699pic.com%2fphoto%2f50103%2f2312.jpg_wh860.jpg&ehk=clw%2b759y202uAhHbn7WclEw2r03J9dPDLuPT6kID5NI%3d&risl=&pid=ImgRaw&r=0',0,0,'2019-10-30 14:18:46','2019-11-12 13:36:36'),(2,'\r\n谢琦','\r\n谢琦：博士、 教研室副主任。\r\n\r\n\r\n\r\n主要研究方向：1.传媒语言应用；2.中国优秀传统文化传播。\r\n\r\n\r\n\r\n工信部培训师资库教师；黑龙江省教育厅创新创业指导专家库专家；\r\n\r\n\r\n\r\n科研成果：独立发表高水平论文；主持国家基金项目、省级项目、横项项目；参与国际合作项目等；\r\n\r\n\r\n\r\n获第24届世界大学生冬季运动会特殊贡献奖',' 教研室副主任',1,'https://img95.699pic.com/element/40076/4345.png_860.png',3,0,'2019-10-30 11:53:03','2019-10-30 11:53:03'),(3,'\r\n史先俊','\r\n史先俊，副教授，首批国家级一流本科课程（国家级金课）“计算机系统”的课程负责人，计算机科学与技术专业负责人之一，计算机基础教学中心副主任，原计算机硬件基础教研室副主任。\r\n\r\n主要研究方向：嵌入式系统与接口技术、工业软件、VR虚拟现实、北斗导航技术与应用','副教授',2,'https://tse1-mm.cn.bing.net/th/id/R-C.fcd2c0f329c8f8a49061baa9ac98bfa6?rik=reW0H0K0qlq%2big&riu=http%3a%2f%2fimg95.699pic.com%2fphoto%2f50041%2f9248.jpg_wh860.jpg&ehk=TbMaqdD5ghgv0gSlKwElVqH2bfau3vJMneY7CptPQQQ%3d&risl=&pid=ImgRaw&r=0',2,0,'2019-10-30 11:55:19','2019-11-12 13:37:52'),(4,'吉星','教师名称：	吉星	\r\n\r\n性      别：	男\r\n职称名称：	副教授\r\n民      族：	汉族\r\n所属院系：马克思主义学院','副教授',1,'https://img95.699pic.com/photo/50070/4867.jpg_wh860.jpg',0,0,'2019-10-30 14:18:56','2021-07-25 20:51:01'),(5,'宋明辉','教师名称：	宋明辉	\r\n\r\n性      别：	女\r\n职称名称：	教授\r\n民      族：	汉族\r\n所属院系：	数学学院','教授',2,'https://img.pconline.com.cn/images/photoblog/8/7/7/2/8772538/20098/26/1251274952551_mthumb.jpg',0,0,'2019-10-30 14:19:02','2019-11-12 13:37:18'),(6,'李传江','男，汉族，1978年生。哈尔滨工业大学航天学院教授，博士生导师。\r\n\r\n主要从事航天器姿态及轨道控制、最优控制、非线性控制、多智能体系统等领域的教学与科研工作。主讲多门课程，学生评价达到A+。已完成指导硕、博研究生60余人，正在指导硕、博研究生20余人，其中10余人获国家奖学金等重要荣誉称号。主持或参研了包括国家自然科学基金、教育部博士点基金、国家博士后基金、航天专项基金、及来自航天院所科研课题40余项。出版专著1本，发表SCI/EI检索学术论文100余篇，授权国家发明专利30余项。曾获黑龙江省自然科学技术奖2项、黑龙江省教学成果奖1项。曾赴衡水中学等全国著名重点中学开展科普报告70余场。','教授',2,'https://tse1-mm.cn.bing.net/th/id/R-C.75023853fcf80f2fd4cb324f7511eae2?rik=kCX81Ln2RIn8OQ&riu=http%3a%2f%2fpic2.nipic.com%2f20090413%2f479627_223026071_2.jpg&ehk=iWRlA%2bkFqugAWz4iT6hHQM5Vhn0vkAwra44b%2bv5Ip5I%3d&risl=&pid=ImgRaw&r=0',0,0,'2019-11-07 09:18:25','2019-11-12 13:37:01'),(7,'邵路','邵路教授担任国家自然科学基金委化学部会议评审专家；任教育部人才项目、国家重大人才工程项目、国家自然科学基金重点项目、科技部重点国际合作项目、美国石油基金（ACS-PRF）、美国-以色列双边基金(BSF)、新加坡-麻省理工研究技术基金（SMART）等项目同行评审专家。','教授',2,'https://tse1-mm.cn.bing.net/th/id/R-C.e8591e84801c1a37590ff020dde0d3a6?rik=qq1YND1g4v8qPg&riu=http%3a%2f%2fp2.itc.cn%2fimages01%2f20201222%2fe5323c5cdf494f1baf6fef7ec7adee21.jpeg&ehk=DpCXwIh1v2W9fRYVspZ27pNZuKJrpoRw4dLp0puB2p4%3d&risl=&pid=ImgRaw&r=0',1,0,'2021-07-25 22:53:23','2021-07-25 22:53:23'),(8,'\r\n杨鑫','\r\n杨鑫，博士，教授，博士生导师，哈尔滨工业大学化工与化学学院食品科学与工程系。研究兴趣为食品质量与安全和天然产物化学，主要从事食品及农产品中化学污染物的快速检测，研究具有快速、简便、准确、灵敏、现场操作性强的检测技术体系；同时开展刺激响应型生物相容材料在纳米尺度的自组装机制研究，在分子、细胞和动物水平探索其作为潜在药用载体的分解、代谢及分布等。主持承担了国家自然科学基金、黑龙江省自然科学基金、中国博士后科学基金二等资助和特别资助、哈尔滨市优秀学科带头人项目等10余项，参与国家科技部、农业部等项目10余项','教授，博士生导师',2,'https://www.sinoss.net/uploadfile/2011/1102/20111102111357560.jpg',0,0,'2021-07-25 22:54:07','2021-07-25 22:54:07'),(9,'王江涛','写作辅导实力教师，新东方20周年功勋教师，百万畅销书作者。北京外国语大学英语语言文学学士，北京大学硕士，曾任中国政府代表团高级翻译出访欧美。14年英语教学经验，先后主讲新概念英语、高考、四级、六级、考研、专四、专八、翻译硕士、BEC、托福、雅思等各项课程，指导数百万考生斩获高分。代表作：《考研英语高分写作》（考研写作畅销书）、《英语高分写作字帖》系列、《十天搞定英语词汇》系列等。','讲师',1,'https://img.qinxue365.com/uploads/allimg/1901/4082-1Z11Q33I24C.jpg',0,0,'2021-07-25 22:56:29','2021-07-25 22:56:29'),(10,'王煦','从事雅思口语教学9年，深刻理解学生备考困惑，专为雅思考生提供***学习方案。毕业于对外经济贸易大学，相信教育是塑造自我的***途径，而语言又为我们在接受教育的途中铺平了更多的道路，给我们打开了更多扇门。','教授',1,'https://img.qinxue365.com/uploads/allimg/1901/4082-1Z11Q33K2611.jpg',0,1,'2021-07-25 22:56:29','2021-07-25 22:56:29'),(11,'张宇','博士，全国知名考研数学辅导***，教育部“国家精品课程建设骨干教师”，全国畅销书《高等数学18讲》、《考研数学题源探析经典1000题》作者，高等教育出版社《全国硕士研究生入学统一考试数学考试参考书（大纲解析）》编者之一，2007年斯洛文尼亚全球可持续发展大会受邀***（发表15分钟主旨演讲）。首创“题源教学法”，对考研数学的知识结构和体系有全新的解读，对考研数学的命题与复习思路有极强的把握和预测能力，让学生轻松高效夺取高分。\r\n ','在线讲师',1,'https://img.qinxue365.com/uploads/allimg/1901/4082-1Z11Q33Q45A.jpg',0,0,'2021-07-25 22:56:29','2021-07-25 22:56:29'),(12,'唐天','新东方考研英语阅读***，新东方在线考研英语阅读主讲教师。2007年加入南昌新东方，获得TESOL国际教师资格证。唐迟老师强调“细节服从主旨”，授课思路清晰，方法得当，帮助众多学员迅速突破阅读瓶颈。唐迟老师坚信，为理想而奋斗其乐无穷。\r\n ','教授',2,'https://img.qinxue365.com/uploads/allimg/1901/4082-1Z11Q33S5E7.jpg',0,0,'2021-07-25 22:56:29','2021-07-25 22:56:29'),(13,'吴奇','吴奇\r\nETS认证托福培训师。9次取得托福口语，听力及写作满分。八年托福授课经验，深谙评分标准与出题规律，已帮助数万考生利用最短的时间取得理想成绩。多次参与编写新东方科技教育集团托福口语标准化教案与新托福练习题库等。','讲师',1,'https://img.qinxue365.com/uploads/allimg/1901/4082-1Z11Q33U4C9.jpg',0,0,'2021-07-25 22:56:29','2021-07-25 22:56:29'),(14,'林燕','姓名：林燕英文名：linda国籍：中国出生日期：7月27日教授课程：SAT教师简介：新托福口语听力明星教师。新东方教育科技集团教师。复旦大学英语语言文学系，学士、硕士。专业研究方向为英语语言教学。上海交通大学英语教师。曾任各类国内大型会议和活动的翻译。首届复旦大学辩论赛队成员。多次获各类英语演讲、英语朗诵奖项。2001年新东方后专攻TOEFL听力口语教学研究，成为年轻的教师，被学生亲切地称为“传说中的林燕老师”。授课、生动，对的分析深入到位，对形势的把握独到准确。以富有个人魅力的独特授课风格见长，学生在上完课后都有获益匪浅之感。','讲师',1,'https://tse1-mm.cn.bing.net/th/id/R-C.ee96790aac8737f8e952efe668ae88d3?rik=t8XnvKLisyMcqw&riu=http%3a%2f%2ffile.koolearn.com%2f23141503396193.jpg&ehk=eMPnEsg2kb2dkmjPZur2E7r7%2f2J%2bxYwNUa0%2fBz0T%2bhY%3d&risl=&pid=ImgRaw&r=0',0,0,'2021-07-25 22:56:29','2021-07-25 22:56:29'),(15,'王乐','姓名：王乐国籍：中国出生日期：8月6日教授课程：GRE填空 LSAT逻辑教师简介：【教育背景】：南京大学（理论物理 学士）【学术背景】： 2007年加入新东方，2010年接任上海北美项目GRE项目经理，六年来学生过三万，讲授GRE词汇，LSAT逻辑，SAT2和AP物理等课程【奖项】： 数学一等奖 2012 上海新东方教师 GRE333分（2012年） SAT2200分（2010年） TOEFL105分（2011年）【这里找我】：上海新东方王乐 微信“wangle gre” 江沪网搜“王乐”','教授',1,'https://file.koolearn.com/2015/0602/20150602052501640.jpg',0,0,'2021-07-25 22:56:29','2021-07-25 22:56:29'),(16,'钱老师','姓名：钱小锋国籍：中国出生日期：1月1日教授课程：SAT(赛达)教师简介：上海新东方VIP学习中心教学督导，主讲GRE写作、GMAT阅读、TOEFL阅读等课程。伦敦政治经济学院（LSE）公共管理学硕士，新加坡国立大学（NUS）公共政策学硕士，经济学学士。留学期间获李光耀研究生奖学金。 参加IELTS, TOEFL, SAT I&II, A Level, O Level以及GRE等，皆获。ETS官方认证托业培训师，托福教师。原集团北美项目推广管理中心教学教研主管，组织并参与编写集团北美项目标准化教案系列，在美国副部长Anthony Miller访问新东方集团总部期间主持欢迎仪式并担任陪同翻译。原北京新东方学校北美项目教师。','副教授',2,'https://tse1-mm.cn.bing.net/th/id/R-C.c4d55bd1bebbc6a05f491dc738a2e56b?rik=AQUsYcCC8Q8YMw&riu=http%3a%2f%2ffile.koolearn.com%2f51081503989073.jpg&ehk=glqqJxvEM63IgrmvKgABj4aY5TMIQ%2bg8nwZxCdqeCVo%3d&risl=&pid=ImgRaw&r=0',0,1,'2021-07-25 22:56:29','2021-07-25 22:56:29'),(17,'李涛','姓名：李涛教授课程：雅思口语教师简介：曾任2010年上海世博会C片区美洲场馆英语翻译；2009年广交会交替传译，是第6届“CCTV-杯”英语演讲湖南赛区亚军。丰富的雅思授课经验，教学方法独特，课堂气氛感染力强，深受学员喜爱和好评，并培养出大量口语7分的学员。具有与生俱来的幽默特质，发音地道优美，思路清晰，培养了大批雅思口语。','讲师',1,'https://tse1-mm.cn.bing.net/th/id/R-C.f08e1188210b428817ff7c313f9b967f?rik=4maHHINyRoxT%2bA&riu=http%3a%2f%2fi1.sinaimg.cn%2fedu%2f2010%2f1103%2f201011318326.jpg&ehk=CceMZlwuJPSiZpX%2bC8iM6gkjyEH6axxrmWL6LrtfmiI%3d&risl=&pid=ImgRaw&r=0',0,0,'2021-07-25 22:56:29','2021-07-25 22:56:29'),(18,'以下用作分页展示','作为测','测',1,'测',0,0,'2021-07-25 22:56:29','2021-07-25 22:56:29'),(19,'253u','作为测试','测试',1,'测',0,0,'2021-07-25 22:56:29','2021-07-25 22:56:29'),(20,'3日后2 290','作为测','额1',2,'123',0,0,'2021-07-25 22:56:29','2021-07-25 22:56:29'),(21,'23879和','作为测试','测试',1,'测',0,0,'2021-07-25 22:56:29','2021-07-25 22:56:29'),(22,'3让活泼唷','作为测','测',1,'测',0,0,'2021-07-25 22:56:29','2021-07-25 22:56:29'),(23,'2压入98噢','作为测试','测试',1,'测',0,0,'2021-07-25 22:56:29','2021-07-25 22:56:29'),(24,'2如后i发','作为测','额1',2,'123',0,0,'2021-07-25 22:56:29','2021-07-25 22:56:29'),(25,'以下为展示分33功12二v','作为测试','测试',1,'测',0,0,'2021-07-25 22:56:29','2021-07-25 22:56:29'),(26,'无法其和iu','作为测','测',1,'测',0,0,'2021-07-25 22:56:29','2021-07-25 22:56:29'),(27,'0914欧拉发表','作为测试','测试',1,'测',0,1,'2021-07-25 22:56:29','2021-07-25 22:56:29'),(28,'1而且艾弗森','作为测','额1',2,'123',0,1,'2021-07-25 22:56:29','2021-07-25 22:56:29'),(29,'1购票人期刊安抚v','作为测试','测试',1,'测',0,1,'2021-07-25 22:56:29','2021-07-25 22:56:29'),(30,'1和平区柔佛','作为测','测',1,'测',0,1,'2021-07-25 22:56:29','2021-07-25 22:56:29'),(31,'让恰逢花开','作为测试','测试',1,'测',0,1,'2021-07-25 22:56:29','2021-07-25 22:56:29'),(32,'让企业哦i发我','作为测','额1',2,'123',0,1,'2021-07-25 22:56:29','2021-07-25 22:56:29'),(33,'20有9过去阿富汗','作为测试','测试',1,'测',0,1,'2021-07-25 22:56:29','2021-07-25 22:56:29'),(34,'岸边佛回去阿富汗','作为测','测',1,'测',0,1,'2021-07-25 22:56:29','2021-07-25 22:56:29'),(35,'日期和823i','作为测试','测试',1,'测',0,1,'2021-07-25 22:56:29','2021-07-25 22:56:29'),(36,'切换9嗷','作为测','额1',2,'123',0,1,'2021-07-25 22:56:29','2021-07-25 22:56:29'),(37,'添加测试','滴滴答答','顶顶顶',1,'http://localhost:8080/uploadImg/c2570a8124484ee19e1e63da661baec8bg_1.jpg',1,0,NULL,NULL);

UNLOCK TABLES;

/*Table structure for table `emp` */

DROP TABLE IF EXISTS `emp`;

CREATE TABLE `emp` (
  `id` int(4) NOT NULL AUTO_INCREMENT,
  `ENAME` varchar(10) DEFAULT NULL,
  `JOB` varchar(9) DEFAULT NULL,
  `MGR` int(4) DEFAULT NULL,
  `HIREDATE` datetime DEFAULT NULL,
  `SAL` double(7,2) DEFAULT NULL,
  `COMM` double(7,2) DEFAULT NULL,
  `DEPTNO` int(2) DEFAULT NULL,
  PRIMARY KEY (`id`)
) ENGINE=InnoDB AUTO_INCREMENT=7942 DEFAULT CHARSET=utf8;

/*Data for the table `emp` */

LOCK TABLES `emp` WRITE;

insert  into `emp`(`id`,`ENAME`,`JOB`,`MGR`,`HIREDATE`,`SAL`,`COMM`,`DEPTNO`) values (2,'Holden','Manger',NULL,'1981-04-03 00:00:00',12000.00,NULL,NULL),(7521,'Mohamed','SALESMAN',7698,'1981-02-22 00:00:00',12502.00,500.00,30),(7566,'蕾切儿·哈伍德','MANAGER',7839,'1981-04-02 00:00:00',2975.00,NULL,20),(7654,'克莱尔','SALESMAN',7698,'1981-09-28 00:00:00',1250.00,1400.00,30),(7698,'莎尔玛·海雅克','MANAGER',7839,'1981-05-01 00:00:00',2850.00,NULL,30),(7782,'艾拉从','MANAGER',7839,'1981-06-09 00:00:00',2450.00,NULL,10),(7788,'朱迪·福斯特	','ANALYST',7566,'1987-04-19 00:00:00',3000.00,NULL,20),(7839,'安吉丽娜·朱莉','PRESIDENT',NULL,'1981-11-17 00:00:00',5000.00,NULL,10),(7844,'伊齐基尔','SALESMAN',7698,'1981-09-08 00:00:00',1500.00,0.00,30),(7876,'葛丽泰·嘉宝','CLERK',7788,'1987-05-23 00:00:00',1100.00,NULL,20),(7900,'Jaacob.lz','CLERK',7698,'1981-12-03 00:00:00',950.00,NULL,30),(7901,'Louis.Z','ANALYST',7566,'1981-12-03 00:00:00',3000.00,NULL,20),(7902,'Dr.liu','ANALYST',7566,'1981-12-03 00:00:00',3000.00,NULL,20),(7934,'Mr.hao','CLERK',7782,'1982-01-23 00:00:00',1300.00,NULL,10),(7935,'ZouBiao','Manger',NULL,'1981-04-02 00:00:00',1200.00,NULL,NULL),(7936,'钱泽凯','Manger',NULL,'1981-04-02 00:00:00',1200.00,NULL,NULL),(7937,'Alian','Manger',NULL,'1981-04-02 00:00:00',1200.00,NULL,NULL),(7938,'Bob.willia','Manger',NULL,'1981-04-02 00:00:00',1200.00,NULL,NULL),(7939,'Cendy.Lou','Manger',NULL,'1981-04-02 01:00:00',1200.00,NULL,NULL),(7940,'222','Manger',NULL,'1981-04-02 00:00:00',1200.00,NULL,NULL),(7941,'212121212','Manger',NULL,'1981-04-02 00:00:00',1200.00,NULL,NULL);

UNLOCK TABLES;

/*Table structure for table `stu` */

DROP TABLE IF EXISTS `stu`;

CREATE TABLE `stu` (
  `id` int(5) NOT NULL AUTO_INCREMENT,
  `sid` varchar(10) DEFAULT NULL,
  `sname` varchar(20) DEFAULT NULL,
  `gender` char(3) DEFAULT NULL,
  `age` int(11) DEFAULT NULL,
  `birthday` date DEFAULT NULL,
  `pwd` varchar(20) NOT NULL,
  `email` varchar(11) DEFAULT NULL,
  `phone` bigint(11) DEFAULT NULL,
  `avatar` varchar(255) DEFAULT NULL COMMENT '学生头像',
  PRIMARY KEY (`id`)
) ENGINE=InnoDB AUTO_INCREMENT=22223233 DEFAULT CHARSET=utf8;

/*Data for the table `stu` */

LOCK TABLES `stu` WRITE;

insert  into `stu`(`id`,`sid`,`sname`,`gender`,`age`,`birthday`,`pwd`,`email`,`phone`,`avatar`) values (0,'','匿名用户','男',1,'2021-09-01','1','1',1,'https://cube.elemecdn.com/9/c2/f0ee8a3c7c9638a54940382568c9dpng.png'),(1,'1190201819','陈麒光','男',18,'2020-07-28','111111','q',13222222222,'http://localhost:8080/uploadImg/0e3dc765d5094204a7b109b7061c606bWIN_20191124_18_36_54_Pro.jpg'),(2,'1190202011','钱泽凯','男',18,'2020-07-09','123456','qerer2',13222222222,'http://localhost:8080/uploadImg/7d2b27fd19ed45ee85d28145bc18bc70QQ图片20210805011645.jpg'),(3,'1190202415','李浩','男',18,'2020-07-27','123456','q',13222222222,'https://guli-file-190513.oss-cn-beijing.aliyuncs.com/avatar/default.jpg'),(4,'1190202416','邓子睿','男',18,'2020-07-27','123456','q1',13222222222,'https://guli-file-190513.oss-cn-beijing.aliyuncs.com/avatar/default.jpg'),(5,'1190202418','方烨','女',18,'2020-07-27','123456','q',13222222222,'https://guli-file-190513.oss-cn-beijing.aliyuncs.com/avatar/default.jpg'),(6,'1190202423','李昊轩','男',18,'2020-07-27','123456','q',13222222222,'https://guli-file-190513.oss-cn-beijing.aliyuncs.com/avatar/default.jpg'),(7,'1190200910','严幸','男',18,'1981-04-02','111111','2',2,'http://localhost:8080/uploadImg/88aa696c91424a09973e5eb07064317a1.jpg'),(10,'12314324','匿名用户','男',18,'2021-10-01','0',NULL,NULL,'https://cube.elemecdn.com/9/c2/f0ee8a3c7c9638a54940382568c9dpng.png'),(11,'1','1','男',1,'1981-04-02','111111','123456',233333,''),(12,'22','22','男',2,'1981-04-02','111111','111',111,'http://localhost:8080/uploadImg/7d2b27fd19ed45ee85d28145bc18bc70QQ图片20210805011645.jpg'),(13,'111','111','男',1111,'1981-04-02','111111','111111',1111111,'http://localhost:8080/uploadImg/7d2b27fd19ed45ee85d28145bc18bc70QQ图片20210805011645.jpg'),(14,'123123','213','男',123123,'1981-04-02','123123','123123',123123,'http://localhost:8080/uploadImg/7d2b27fd19ed45ee85d28145bc18bc70QQ图片20210805011645.jpg'),(15,'121','12','男',212,'1981-04-02','12','12',1212,'http://localhost:8080/uploadImg/7d2b27fd19ed45ee85d28145bc18bc70QQ图片20210805011645.jpg'),(16,'2121','121','男',212,'1981-04-02','1212','121',21212,'http://localhost:8080/uploadImg/7d2b27fd19ed45ee85d28145bc18bc70QQ图片20210805011645.jpg'),(17,'123123','123123','男',12312,'1981-04-02','3123123','123123',123123,'http://localhost:8080/uploadImg/7d2b27fd19ed45ee85d28145bc18bc70QQ图片20210805011645.jpg'),(18,'234234','34234','男',234234,'1981-04-02','23423','4234',234234,'http://localhost:8080/uploadImg/7d2b27fd19ed45ee85d28145bc18bc70QQ图片20210805011645.jpg'),(19,'323','232','男',23,'1981-04-02','2323','232',323,'http://localhost:8080/uploadImg/7d2b27fd19ed45ee85d28145bc18bc70QQ图片20210805011645.jpg'),(20,'1','1','男',1,'1981-04-02','1','1',1,'http://localhost:8080/uploadImg/7d2b27fd19ed45ee85d28145bc18bc70QQ图片20210805011645.jpg'),(22,'122323','2','男',2,'1981-04-02','123123','123',1231,'http://localhost:8080/uploadImg/7d2b27fd19ed45ee85d28145bc18bc70QQ图片20210805011645.jpg'),(23,'','匿名用户','男',1,'2021-09-01','1','1',1,'https://cube.elemecdn.com/9/c2/f0ee8a3c7c9638a54940382568c9dpng.png'),(24,'','匿名用户','男',1,'2021-09-01','123456','1',1,'http://localhost:8080/uploadImg/7d2b27fd19ed45ee85d28145bc18bc70QQ图片20210805011645.jpg'),(25,'1','匿名用户','男',1,'2021-09-01','123456','1',1,'http://localhost:8080/uploadImg/7d2b27fd19ed45ee85d28145bc18bc70QQ图片20210805011645.jpg'),(26,'','匿名用户','男',1,'2021-09-01','123456','1',1,'http://localhost:8080/uploadImg/7d2b27fd19ed45ee85d28145bc18bc70QQ图片20210805011645.jpg'),(27,'234','','男',234,'1981-04-02','234','234',234234,'http://localhost:8080/uploadImg/7d2b27fd19ed45ee85d28145bc18bc70QQ图片20210805011645.jpg'),(111,'111','111','男',111,'1981-04-02','1111','11',11,'http://localhost:8080/uploadImg/7d2b27fd19ed45ee85d28145bc18bc70QQ图片20210805011645.jpg'),(2222,'222','222','男',222,'1981-04-02','111111','1111',11111,'http://localhost:8080/uploadImg/7d2b27fd19ed45ee85d28145bc18bc70QQ图片20210805011645.jpg'),(22223232,'121','1231','男',121,'1981-04-02','123213123','123123',123123,'http://localhost:8080/uploadImg/7d2b27fd19ed45ee85d28145bc18bc70QQ图片20210805011645.jpg');

UNLOCK TABLES;

/*Table structure for table `user` */

DROP TABLE IF EXISTS `user`;

CREATE TABLE `user` (
  `id` bigint(20) NOT NULL COMMENT '主键ID',
  `name` varchar(30) DEFAULT NULL COMMENT '姓名',
  `age` int(11) DEFAULT NULL COMMENT '年龄',
  `email` varchar(50) DEFAULT NULL COMMENT '邮箱',
  PRIMARY KEY (`id`)
) ENGINE=InnoDB DEFAULT CHARSET=utf8;

/*Data for the table `user` */

LOCK TABLES `user` WRITE;

insert  into `user`(`id`,`name`,`age`,`email`) values (1,'Jone',18,'test1@baomidou.com'),(2,'Jack',20,'test2@baomidou.com'),(3,'Tom',28,'test3@baomidou.com'),(4,'Sandy',21,'test4@baomidou.com'),(5,'5',2,NULL);

UNLOCK TABLES;

/*!40101 SET SQL_MODE=@OLD_SQL_MODE */;
/*!40014 SET FOREIGN_KEY_CHECKS=@OLD_FOREIGN_KEY_CHECKS */;
/*!40014 SET UNIQUE_CHECKS=@OLD_UNIQUE_CHECKS */;
/*!40111 SET SQL_NOTES=@OLD_SQL_NOTES */;
